step_number,sessions_remaining_,dropoff_pct,cohort
1,229609,0.0,Organic
2,112641,0.5094225400572276,Organic
3,82304,0.2693246686375298,Organic
4,64150,0.22057251166407466,Organic
5,53106,0.17215900233826964,Organic
6,44504,0.16197793093059165,Organic
7,38245,0.14063904368146685,Organic
8,32913,0.13941691724408423,Organic
9,28802,0.12490505271473273,Organic
10,25305,0.12141517950142355,Organic
11,22456,0.1125864453665284,Organic
12,19984,0.11008193801211252,Organic
13,17858,0.10638510808646917,Organic
14,16075,0.0998432075260387,Organic
15,14481,0.09916018662519444,Organic
16,13073,0.09723085422277467,Organic
17,11897,0.08995639868431116,Organic
18,10846,0.08834159872236702,Organic
19,9949,0.08270330075603904,Organic
20,9105,0.0848326464971354,Organic
21,8379,0.0797364085667216,Organic
22,7673,0.08425826470939257,Organic
23,7073,0.07819627264433726,Organic
24,6554,0.07337763325321645,Organic
25,6029,0.08010375343301801,Organic
26,5632,0.065848399402886,Organic
27,5235,0.07049005681818177,Organic
28,4907,0.06265520534861513,Organic
29,4592,0.0641940085592011,Organic
30,4321,0.05901567944250874,Organic
31,4017,0.07035408470261517,Organic
32,3771,0.061239731142643805,Organic
33,3514,0.06815168390347393,Organic
34,3310,0.05805350028457601,Organic
35,3119,0.05770392749244713,Organic
36,2930,0.0605963449823661,Organic
37,2760,0.058020477815699634,Organic
38,2598,0.05869565217391304,Organic
39,2444,0.05927636643571976,Organic
40,2291,0.06260229132569561,Organic
41,2161,0.056743780008729816,Organic
42,2043,0.05460434983803797,Organic
43,1937,0.05188448360254527,Organic
44,1834,0.053175012906556574,Organic
45,1745,0.048527808069792844,Organic
46,1655,0.0515759312320917,Organic
47,1565,0.05438066465256797,Organic
48,1489,0.04856230031948883,Organic
49,1408,0.054398925453324365,Organic
50,1337,0.050426136363636354,Organic
51,1275,0.04637247569184744,Organic
52,1218,0.04470588235294115,Organic
53,1165,0.04351395730706076,Organic
54,1103,0.05321888412017173,Organic
55,1057,0.04170444242973703,Organic
56,1016,0.03878902554399244,Organic
57,971,0.0442913385826772,Organic
58,930,0.04222451081359424,Organic
59,891,0.041935483870967794,Organic
60,850,0.04601571268237936,Organic
61,819,0.036470588235294144,Organic
62,771,0.05860805860805862,Organic
63,744,0.035019455252918275,Organic
64,719,0.03360215053763438,Organic
65,697,0.030598052851182223,Organic
66,673,0.03443328550932567,Organic
67,635,0.05646359583952454,Organic
68,609,0.04094488188976375,Organic
69,586,0.0377668308702791,Organic
70,571,0.025597269624573427,Organic
71,546,0.04378283712784592,Organic
72,522,0.04395604395604391,Organic
73,501,0.04022988505747127,Organic
74,485,0.031936127744510934,Organic
75,468,0.035051546391752564,Organic
76,453,0.03205128205128205,Organic
77,440,0.028697571743929395,Organic
78,420,0.045454545454545414,Organic
79,409,0.02619047619047621,Organic
80,391,0.044009779951100225,Organic
81,381,0.025575447570332477,Organic
82,367,0.03674540682414695,Organic
83,358,0.02452316076294281,Organic
84,348,0.027932960893854775,Organic
85,334,0.04022988505747127,Organic
86,323,0.03293413173652693,Organic
87,313,0.03095975232198145,Organic
88,303,0.03194888178913735,Organic
89,301,0.0066006600660065695,Organic
90,290,0.03654485049833889,Organic
91,281,0.03103448275862064,Organic
92,269,0.042704626334519546,Organic
93,263,0.022304832713754608,Organic
94,256,0.026615969581749055,Organic
95,244,0.046875,Organic
96,237,0.02868852459016391,Organic
97,233,0.016877637130801704,Organic
98,227,0.025751072961373356,Organic
99,217,0.04405286343612336,Organic
100,211,0.027649769585253448,Organic
101,203,0.03791469194312791,Organic
102,197,0.029556650246305383,Organic
103,194,0.015228426395939132,Organic
104,189,0.02577319587628868,Organic
105,183,0.031746031746031744,Organic
106,177,0.032786885245901676,Organic
107,170,0.039548022598870025,Organic
108,167,0.01764705882352946,Organic
109,164,0.017964071856287456,Organic
110,160,0.024390243902439046,Organic
111,155,0.03125,Organic
112,148,0.04516129032258065,Organic
113,145,0.020270270270270285,Organic
114,141,0.02758620689655178,Organic
115,140,0.007092198581560294,Organic
116,135,0.0357142857142857,Organic
117,133,0.014814814814814836,Organic
118,131,0.015037593984962405,Organic
119,131,0.0,Organic
120,127,0.03053435114503822,Organic
121,122,0.03937007874015752,Organic
122,119,0.024590163934426257,Organic
123,115,0.03361344537815125,Organic
124,112,0.02608695652173909,Organic
125,112,0.0,Organic
126,110,0.017857142857142905,Organic
127,109,0.009090909090909038,Organic
128,108,0.00917431192660545,Organic
129,106,0.01851851851851849,Organic
130,104,0.018867924528301883,Organic
131,102,0.019230769230769273,Organic
132,101,0.009803921568627416,Organic
133,98,0.02970297029702973,Organic
134,97,0.010204081632653073,Organic
135,94,0.030927835051546393,Organic
136,93,0.010638297872340385,Organic
137,93,0.0,Organic
138,91,0.021505376344086002,Organic
139,89,0.02197802197802201,Organic
140,87,0.022471910112359605,Organic
141,86,0.011494252873563204,Organic
142,84,0.023255813953488413,Organic
143,83,0.011904761904761862,Organic
144,80,0.03614457831325302,Organic
145,78,0.025000000000000022,Organic
146,77,0.012820512820512775,Organic
147,73,0.051948051948051965,Organic
148,70,0.04109589041095896,Organic
149,67,0.042857142857142816,Organic
150,66,0.014925373134328401,Organic
151,65,0.015151515151515138,Organic
152,63,0.03076923076923077,Organic
153,63,0.0,Organic
154,63,0.0,Organic
155,62,0.015873015873015928,Organic
156,61,0.016129032258064502,Organic
157,60,0.016393442622950838,Organic
158,60,0.0,Organic
159,60,0.0,Organic
160,57,0.050000000000000044,Organic
161,55,0.03508771929824561,Organic
162,55,0.0,Organic
163,54,0.018181818181818188,Organic
164,53,0.01851851851851849,Organic
165,52,0.018867924528301883,Organic
166,51,0.019230769230769273,Organic
167,51,0.0,Organic
168,50,0.019607843137254943,Organic
169,50,0.0,Organic
170,50,0.0,Organic
171,47,0.06000000000000005,Organic
172,47,0.0,Organic
173,47,0.0,Organic
174,47,0.0,Organic
175,47,0.0,Organic
176,46,0.021276595744680882,Organic
177,45,0.021739130434782594,Organic
178,45,0.0,Organic
179,45,0.0,Organic
180,43,0.0444444444444444,Organic
181,43,0.0,Organic
182,43,0.0,Organic
183,42,0.023255813953488413,Organic
184,42,0.0,Organic
185,41,0.023809523809523836,Organic
186,38,0.07317073170731703,Organic
187,38,0.0,Organic
188,38,0.0,Organic
189,37,0.02631578947368418,Organic
190,35,0.05405405405405406,Organic
191,34,0.02857142857142858,Organic
192,33,0.02941176470588236,Organic
193,32,0.030303030303030276,Organic
194,29,0.09375,Organic
195,29,0.0,Organic
196,29,0.0,Organic
197,28,0.03448275862068961,Organic
198,27,0.0357142857142857,Organic
199,26,0.03703703703703709,Organic
200,26,0.0,Organic
201,26,0.0,Organic
202,24,0.07692307692307687,Organic
203,24,0.0,Organic
204,23,0.04166666666666663,Organic
205,23,0.0,Organic
206,23,0.0,Organic
207,22,0.04347826086956519,Organic
208,21,0.045454545454545414,Organic
209,21,0.0,Organic
210,19,0.09523809523809523,Organic
211,18,0.052631578947368474,Organic
212,18,0.0,Organic
213,18,0.0,Organic
214,18,0.0,Organic
215,18,0.0,Organic
216,18,0.0,Organic
217,18,0.0,Organic
218,18,0.0,Organic
219,18,0.0,Organic
220,18,0.0,Organic
221,17,0.05555555555555558,Organic
222,17,0.0,Organic
223,17,0.0,Organic
224,17,0.0,Organic
225,16,0.05882352941176472,Organic
226,16,0.0,Organic
227,15,0.0625,Organic
228,14,0.06666666666666665,Organic
229,14,0.0,Organic
230,13,0.0714285714285714,Organic
231,13,0.0,Organic
232,13,0.0,Organic
233,12,0.07692307692307687,Organic
234,12,0.0,Organic
235,12,0.0,Organic
236,12,0.0,Organic
237,12,0.0,Organic
238,12,0.0,Organic
239,12,0.0,Organic
240,12,0.0,Organic
241,12,0.0,Organic
242,12,0.0,Organic
243,12,0.0,Organic
244,12,0.0,Organic
245,11,0.08333333333333337,Organic
246,11,0.0,Organic
247,11,0.0,Organic
248,11,0.0,Organic
249,11,0.0,Organic
250,11,0.0,Organic
251,10,0.09090909090909094,Organic
252,10,0.0,Organic
253,10,0.0,Organic
254,10,0.0,Organic
255,10,0.0,Organic
256,10,0.0,Organic
257,10,0.0,Organic
258,10,0.0,Organic
259,10,0.0,Organic
260,10,0.0,Organic
261,10,0.0,Organic
262,10,0.0,Organic
263,10,0.0,Organic
264,10,0.0,Organic
265,10,0.0,Organic
266,10,0.0,Organic
267,10,0.0,Organic
268,10,0.0,Organic
269,10,0.0,Organic
270,10,0.0,Organic
271,10,0.0,Organic
272,9,0.09999999999999998,Organic
273,9,0.0,Organic
274,8,0.11111111111111116,Organic
275,7,0.125,Organic
276,7,0.0,Organic
277,7,0.0,Organic
278,7,0.0,Organic
279,7,0.0,Organic
280,7,0.0,Organic
281,7,0.0,Organic
282,7,0.0,Organic
283,7,0.0,Organic
284,6,0.1428571428571429,Organic
285,6,0.0,Organic
286,6,0.0,Organic
287,6,0.0,Organic
288,6,0.0,Organic
289,6,0.0,Organic
290,6,0.0,Organic
291,6,0.0,Organic
292,6,0.0,Organic
293,6,0.0,Organic
294,6,0.0,Organic
295,6,0.0,Organic
296,6,0.0,Organic
297,6,0.0,Organic
298,6,0.0,Organic
299,6,0.0,Organic
300,6,0.0,Organic
301,6,0.0,Organic
302,6,0.0,Organic
303,6,0.0,Organic
304,6,0.0,Organic
305,6,0.0,Organic
306,6,0.0,Organic
307,6,0.0,Organic
308,6,0.0,Organic
309,6,0.0,Organic
310,6,0.0,Organic
311,6,0.0,Organic
312,6,0.0,Organic
313,6,0.0,Organic
314,6,0.0,Organic
315,6,0.0,Organic
316,6,0.0,Organic
317,6,0.0,Organic
318,6,0.0,Organic
319,6,0.0,Organic
320,6,0.0,Organic
321,6,0.0,Organic
322,6,0.0,Organic
323,6,0.0,Organic
324,6,0.0,Organic
325,6,0.0,Organic
326,6,0.0,Organic
327,6,0.0,Organic
328,6,0.0,Organic
329,6,0.0,Organic
330,6,0.0,Organic
331,6,0.0,Organic
332,6,0.0,Organic
333,6,0.0,Organic
334,6,0.0,Organic
335,6,0.0,Organic
336,6,0.0,Organic
337,6,0.0,Organic
338,6,0.0,Organic
339,6,0.0,Organic
340,6,0.0,Organic
341,6,0.0,Organic
342,6,0.0,Organic
343,6,0.0,Organic
344,6,0.0,Organic
345,6,0.0,Organic
346,6,0.0,Organic
347,5,0.16666666666666663,Organic
348,4,0.19999999999999996,Organic
349,4,0.0,Organic
350,4,0.0,Organic
351,4,0.0,Organic
352,4,0.0,Organic
353,4,0.0,Organic
354,4,0.0,Organic
355,4,0.0,Organic
356,4,0.0,Organic
357,4,0.0,Organic
358,4,0.0,Organic
359,4,0.0,Organic
360,4,0.0,Organic
361,4,0.0,Organic
362,4,0.0,Organic
363,4,0.0,Organic
364,4,0.0,Organic
365,4,0.0,Organic
366,4,0.0,Organic
367,4,0.0,Organic
368,3,0.25,Organic
369,3,0.0,Organic
370,3,0.0,Organic
371,3,0.0,Organic
372,3,0.0,Organic
373,3,0.0,Organic
374,3,0.0,Organic
375,3,0.0,Organic
376,3,0.0,Organic
377,3,0.0,Organic
378,3,0.0,Organic
379,3,0.0,Organic
380,3,0.0,Organic
381,3,0.0,Organic
382,3,0.0,Organic
383,2,0.33333333333333337,Organic
384,2,0.0,Organic
385,2,0.0,Organic
386,2,0.0,Organic
387,2,0.0,Organic
388,2,0.0,Organic
389,2,0.0,Organic
390,2,0.0,Organic
391,2,0.0,Organic
392,2,0.0,Organic
393,2,0.0,Organic
394,2,0.0,Organic
395,2,0.0,Organic
396,2,0.0,Organic
397,2,0.0,Organic
398,2,0.0,Organic
399,2,0.0,Organic
400,2,0.0,Organic
401,2,0.0,Organic
402,2,0.0,Organic
403,2,0.0,Organic
404,2,0.0,Organic
405,2,0.0,Organic
406,2,0.0,Organic
407,2,0.0,Organic
408,2,0.0,Organic
409,2,0.0,Organic
410,2,0.0,Organic
411,2,0.0,Organic
412,2,0.0,Organic
413,2,0.0,Organic
414,2,0.0,Organic
415,2,0.0,Organic
416,2,0.0,Organic
417,2,0.0,Organic
418,2,0.0,Organic
419,2,0.0,Organic
420,2,0.0,Organic
421,2,0.0,Organic
422,2,0.0,Organic
423,2,0.0,Organic
424,2,0.0,Organic
425,2,0.0,Organic
426,2,0.0,Organic
427,2,0.0,Organic
428,2,0.0,Organic
429,2,0.0,Organic
430,2,0.0,Organic
431,2,0.0,Organic
432,2,0.0,Organic
433,2,0.0,Organic
434,2,0.0,Organic
435,2,0.0,Organic
436,2,0.0,Organic
437,2,0.0,Organic
438,1,0.5,Organic
439,1,0.0,Organic
440,1,0.0,Organic
441,1,0.0,Organic
442,1,0.0,Organic
443,1,0.0,Organic
444,1,0.0,Organic
445,1,0.0,Organic
446,1,0.0,Organic
447,1,0.0,Organic
448,1,0.0,Organic
449,1,0.0,Organic
450,1,0.0,Organic
451,1,0.0,Organic
452,1,0.0,Organic
453,1,0.0,Organic
454,1,0.0,Organic
455,1,0.0,Organic
456,1,0.0,Organic
457,1,0.0,Organic
458,1,0.0,Organic
459,1,0.0,Organic
460,1,0.0,Organic
461,1,0.0,Organic
462,1,0.0,Organic
463,1,0.0,Organic
464,1,0.0,Organic
465,1,0.0,Organic
466,1,0.0,Organic
467,1,0.0,Organic
468,1,0.0,Organic
469,1,0.0,Organic
470,1,0.0,Organic
471,1,0.0,Organic
472,1,0.0,Organic
473,1,0.0,Organic
474,1,0.0,Organic
475,1,0.0,Organic
476,1,0.0,Organic
477,1,0.0,Organic
478,1,0.0,Organic
479,1,0.0,Organic
480,1,0.0,Organic
481,1,0.0,Organic
482,1,0.0,Organic
483,1,0.0,Organic
484,1,0.0,Organic
485,1,0.0,Organic
486,1,0.0,Organic
487,1,0.0,Organic
488,1,0.0,Organic
489,1,0.0,Organic
490,1,0.0,Organic
491,1,0.0,Organic
492,1,0.0,Organic
493,1,0.0,Organic
494,1,0.0,Organic
495,1,0.0,Organic
496,1,0.0,Organic
497,1,0.0,Organic
498,1,0.0,Organic
499,1,0.0,Organic
500,1,0.0,Organic
1,366371,0.0,Direct
2,208242,0.4316089428475507,Direct
3,160042,0.2314614727096359,Direct
4,128522,0.19694830107096883,Direct
5,106975,0.16765223074648694,Direct
6,90738,0.15178312689880813,Direct
7,78046,0.13987524521148798,Direct
8,68147,0.12683545601312052,Direct
9,60042,0.1189340689979016,Direct
10,53398,0.11065587422137835,Direct
11,47835,0.10417993183265295,Direct
12,43079,0.09942510713912411,Direct
13,39025,0.0941061770236078,Direct
14,35456,0.09145419602818705,Direct
15,32308,0.08878610108303253,Direct
16,29472,0.08778011637984395,Direct
17,27012,0.08346905537459282,Direct
18,24823,0.08103805715978085,Direct
19,22857,0.07920074124803611,Direct
20,21162,0.07415671347945929,Direct
21,19582,0.07466213023343726,Direct
22,18150,0.07312838320906956,Direct
23,16858,0.07118457300275483,Direct
24,15701,0.06863210345236681,Direct
25,14583,0.07120565569072035,Direct
26,13583,0.0685729959541932,Direct
27,12695,0.06537583744386366,Direct
28,11925,0.06065380070894055,Direct
29,11196,0.06113207547169808,Direct
30,10542,0.058413719185423374,Direct
31,9862,0.06450388920508443,Direct
32,9296,0.05739200973433378,Direct
33,8719,0.06206970740103268,Direct
34,8223,0.056887257713040484,Direct
35,7807,0.050589809072114855,Direct
36,7393,0.05302933265018572,Direct
37,6997,0.053564182334640886,Direct
38,6620,0.053880234386165515,Direct
39,6261,0.05422960725075532,Direct
40,5932,0.05254751637118671,Direct
41,5643,0.048718813216453105,Direct
42,5352,0.051568314726209485,Direct
43,5076,0.05156950672645744,Direct
44,4814,0.05161544523246653,Direct
45,4579,0.048815953469048656,Direct
46,4325,0.05547062677440484,Direct
47,4118,0.04786127167630061,Direct
48,3944,0.04225352112676062,Direct
49,3755,0.047920892494929035,Direct
50,3571,0.049001331557922745,Direct
51,3416,0.04340520862503505,Direct
52,3248,0.049180327868852514,Direct
53,3112,0.041871921182266014,Direct
54,2978,0.04305912596401029,Direct
55,2847,0.04398925453324376,Direct
56,2742,0.03688092729188619,Direct
57,2630,0.04084609773887671,Direct
58,2533,0.03688212927756651,Direct
59,2437,0.03789972364784844,Direct
60,2332,0.04308576118178087,Direct
61,2216,0.04974271012006859,Direct
62,2106,0.04963898916967513,Direct
63,2007,0.047008547008547064,Direct
64,1931,0.03786746387643247,Direct
65,1840,0.04712584153288446,Direct
66,1754,0.046739130434782616,Direct
67,1682,0.04104903078677313,Direct
68,1619,0.03745541022592147,Direct
69,1555,0.039530574428659704,Direct
70,1494,0.0392282958199357,Direct
71,1438,0.03748326639892907,Direct
72,1377,0.04242002781641163,Direct
73,1333,0.031953522149600566,Direct
74,1276,0.04276069017254314,Direct
75,1221,0.0431034482758621,Direct
76,1175,0.03767403767403765,Direct
77,1130,0.03829787234042559,Direct
78,1096,0.030088495575221197,Direct
79,1061,0.03193430656934304,Direct
80,1031,0.02827521206409045,Direct
81,995,0.03491755577109601,Direct
82,958,0.03718592964824119,Direct
83,913,0.04697286012526092,Direct
84,875,0.041621029572836754,Direct
85,834,0.04685714285714282,Direct
86,800,0.04076738609112707,Direct
87,760,0.050000000000000044,Direct
88,732,0.0368421052631579,Direct
89,705,0.03688524590163933,Direct
90,682,0.03262411347517735,Direct
91,662,0.029325513196480912,Direct
92,638,0.03625377643504535,Direct
93,623,0.023510971786833812,Direct
94,601,0.035313001605136396,Direct
95,580,0.03494176372712143,Direct
96,561,0.03275862068965518,Direct
97,543,0.03208556149732622,Direct
98,535,0.014732965009208066,Direct
99,512,0.04299065420560744,Direct
100,498,0.02734375,Direct
101,484,0.028112449799196804,Direct
102,468,0.03305785123966942,Direct
103,453,0.03205128205128205,Direct
104,440,0.028697571743929395,Direct
105,423,0.03863636363636369,Direct
106,409,0.03309692671394804,Direct
107,391,0.044009779951100225,Direct
108,387,0.010230179028132946,Direct
109,374,0.03359173126614989,Direct
110,357,0.045454545454545414,Direct
111,342,0.04201680672268904,Direct
112,332,0.0292397660818714,Direct
113,328,0.012048192771084376,Direct
114,322,0.018292682926829285,Direct
115,311,0.03416149068322982,Direct
116,303,0.025723472668810254,Direct
117,294,0.02970297029702973,Direct
118,286,0.027210884353741527,Direct
119,276,0.034965034965035,Direct
120,272,0.01449275362318836,Direct
121,264,0.02941176470588236,Direct
122,255,0.03409090909090906,Direct
123,250,0.019607843137254943,Direct
124,246,0.016000000000000014,Direct
125,238,0.03252032520325199,Direct
126,232,0.025210084033613467,Direct
127,225,0.030172413793103425,Direct
128,219,0.026666666666666616,Direct
129,217,0.0091324200913242,Direct
130,215,0.009216589861751112,Direct
131,207,0.037209302325581395,Direct
132,199,0.03864734299516903,Direct
133,192,0.035175879396984966,Direct
134,187,0.02604166666666663,Direct
135,184,0.016042780748663055,Direct
136,181,0.016304347826086918,Direct
137,177,0.02209944751381221,Direct
138,174,0.016949152542372836,Direct
139,171,0.017241379310344862,Direct
140,167,0.023391812865497075,Direct
141,163,0.0239520958083832,Direct
142,158,0.030674846625766916,Direct
143,152,0.03797468354430378,Direct
144,151,0.006578947368421018,Direct
145,149,0.013245033112582738,Direct
146,144,0.03355704697986572,Direct
147,142,0.01388888888888884,Direct
148,140,0.014084507042253502,Direct
149,136,0.02857142857142858,Direct
150,131,0.03676470588235292,Direct
151,127,0.03053435114503822,Direct
152,127,0.0,Direct
153,125,0.015748031496062964,Direct
154,123,0.016000000000000014,Direct
155,119,0.03252032520325199,Direct
156,118,0.008403361344537785,Direct
157,115,0.025423728813559365,Direct
158,112,0.02608695652173909,Direct
159,109,0.0267857142857143,Direct
160,107,0.01834862385321101,Direct
161,105,0.01869158878504673,Direct
162,104,0.00952380952380949,Direct
163,102,0.019230769230769273,Direct
164,97,0.0490196078431373,Direct
165,97,0.0,Direct
166,97,0.0,Direct
167,92,0.05154639175257736,Direct
168,88,0.04347826086956519,Direct
169,85,0.03409090909090906,Direct
170,85,0.0,Direct
171,84,0.0117647058823529,Direct
172,82,0.023809523809523836,Direct
173,78,0.04878048780487809,Direct
174,78,0.0,Direct
175,76,0.02564102564102566,Direct
176,73,0.03947368421052633,Direct
177,72,0.013698630136986356,Direct
178,70,0.02777777777777779,Direct
179,70,0.0,Direct
180,70,0.0,Direct
181,70,0.0,Direct
182,69,0.014285714285714235,Direct
183,67,0.02898550724637683,Direct
184,66,0.014925373134328401,Direct
185,66,0.0,Direct
186,66,0.0,Direct
187,66,0.0,Direct
188,65,0.015151515151515138,Direct
189,64,0.01538461538461533,Direct
190,63,0.015625,Direct
191,63,0.0,Direct
192,63,0.0,Direct
193,62,0.015873015873015928,Direct
194,59,0.048387096774193505,Direct
195,58,0.016949152542372836,Direct
196,58,0.0,Direct
197,54,0.06896551724137934,Direct
198,53,0.01851851851851849,Direct
199,53,0.0,Direct
200,53,0.0,Direct
201,52,0.018867924528301883,Direct
202,52,0.0,Direct
203,52,0.0,Direct
204,52,0.0,Direct
205,52,0.0,Direct
206,52,0.0,Direct
207,51,0.019230769230769273,Direct
208,51,0.0,Direct
209,49,0.039215686274509776,Direct
210,48,0.020408163265306145,Direct
211,48,0.0,Direct
212,48,0.0,Direct
213,47,0.02083333333333337,Direct
214,47,0.0,Direct
215,47,0.0,Direct
216,45,0.04255319148936165,Direct
217,45,0.0,Direct
218,44,0.022222222222222254,Direct
219,42,0.045454545454545414,Direct
220,42,0.0,Direct
221,40,0.04761904761904767,Direct
222,40,0.0,Direct
223,40,0.0,Direct
224,40,0.0,Direct
225,39,0.025000000000000022,Direct
226,39,0.0,Direct
227,39,0.0,Direct
228,37,0.05128205128205132,Direct
229,37,0.0,Direct
230,36,0.027027027027026973,Direct
231,36,0.0,Direct
232,36,0.0,Direct
233,36,0.0,Direct
234,35,0.02777777777777779,Direct
235,35,0.0,Direct
236,35,0.0,Direct
237,35,0.0,Direct
238,34,0.02857142857142858,Direct
239,34,0.0,Direct
240,34,0.0,Direct
241,33,0.02941176470588236,Direct
242,33,0.0,Direct
243,31,0.06060606060606055,Direct
244,30,0.032258064516129004,Direct
245,30,0.0,Direct
246,30,0.0,Direct
247,29,0.033333333333333326,Direct
248,28,0.03448275862068961,Direct
249,28,0.0,Direct
250,28,0.0,Direct
251,28,0.0,Direct
252,28,0.0,Direct
253,28,0.0,Direct
254,28,0.0,Direct
255,27,0.0357142857142857,Direct
256,27,0.0,Direct
257,26,0.03703703703703709,Direct
258,25,0.038461538461538436,Direct
259,24,0.040000000000000036,Direct
260,24,0.0,Direct
261,23,0.04166666666666663,Direct
262,23,0.0,Direct
263,22,0.04347826086956519,Direct
264,22,0.0,Direct
265,22,0.0,Direct
266,21,0.045454545454545414,Direct
267,21,0.0,Direct
268,21,0.0,Direct
269,21,0.0,Direct
270,20,0.04761904761904767,Direct
271,20,0.0,Direct
272,20,0.0,Direct
273,20,0.0,Direct
274,20,0.0,Direct
275,20,0.0,Direct
276,20,0.0,Direct
277,20,0.0,Direct
278,20,0.0,Direct
279,20,0.0,Direct
280,19,0.050000000000000044,Direct
281,19,0.0,Direct
282,19,0.0,Direct
283,18,0.052631578947368474,Direct
284,18,0.0,Direct
285,18,0.0,Direct
286,18,0.0,Direct
287,17,0.05555555555555558,Direct
288,17,0.0,Direct
289,17,0.0,Direct
290,17,0.0,Direct
291,17,0.0,Direct
292,17,0.0,Direct
293,16,0.05882352941176472,Direct
294,16,0.0,Direct
295,16,0.0,Direct
296,16,0.0,Direct
297,15,0.0625,Direct
298,15,0.0,Direct
299,15,0.0,Direct
300,15,0.0,Direct
301,15,0.0,Direct
302,15,0.0,Direct
303,14,0.06666666666666665,Direct
304,13,0.0714285714285714,Direct
305,13,0.0,Direct
306,13,0.0,Direct
307,13,0.0,Direct
308,13,0.0,Direct
309,13,0.0,Direct
310,13,0.0,Direct
311,13,0.0,Direct
312,11,0.15384615384615385,Direct
313,11,0.0,Direct
314,11,0.0,Direct
315,11,0.0,Direct
316,11,0.0,Direct
317,11,0.0,Direct
318,11,0.0,Direct
319,11,0.0,Direct
320,11,0.0,Direct
321,11,0.0,Direct
322,11,0.0,Direct
323,11,0.0,Direct
324,11,0.0,Direct
325,11,0.0,Direct
326,11,0.0,Direct
327,11,0.0,Direct
328,10,0.09090909090909094,Direct
329,10,0.0,Direct
330,10,0.0,Direct
331,10,0.0,Direct
332,10,0.0,Direct
333,10,0.0,Direct
334,10,0.0,Direct
335,10,0.0,Direct
336,10,0.0,Direct
337,10,0.0,Direct
338,10,0.0,Direct
339,10,0.0,Direct
340,10,0.0,Direct
341,9,0.09999999999999998,Direct
342,9,0.0,Direct
343,9,0.0,Direct
344,9,0.0,Direct
345,9,0.0,Direct
346,9,0.0,Direct
347,9,0.0,Direct
348,9,0.0,Direct
349,9,0.0,Direct
350,9,0.0,Direct
351,9,0.0,Direct
352,9,0.0,Direct
353,8,0.11111111111111116,Direct
354,8,0.0,Direct
355,7,0.125,Direct
356,7,0.0,Direct
357,7,0.0,Direct
358,6,0.1428571428571429,Direct
359,6,0.0,Direct
360,6,0.0,Direct
361,6,0.0,Direct
362,6,0.0,Direct
363,6,0.0,Direct
364,6,0.0,Direct
365,6,0.0,Direct
366,6,0.0,Direct
367,6,0.0,Direct
368,6,0.0,Direct
369,6,0.0,Direct
370,6,0.0,Direct
371,6,0.0,Direct
372,6,0.0,Direct
373,6,0.0,Direct
374,6,0.0,Direct
375,6,0.0,Direct
376,6,0.0,Direct
377,6,0.0,Direct
378,6,0.0,Direct
379,6,0.0,Direct
380,6,0.0,Direct
381,6,0.0,Direct
382,6,0.0,Direct
383,6,0.0,Direct
384,6,0.0,Direct
385,6,0.0,Direct
386,6,0.0,Direct
387,5,0.16666666666666663,Direct
388,5,0.0,Direct
389,5,0.0,Direct
390,5,0.0,Direct
391,5,0.0,Direct
392,5,0.0,Direct
393,5,0.0,Direct
394,5,0.0,Direct
395,5,0.0,Direct
396,5,0.0,Direct
397,5,0.0,Direct
398,5,0.0,Direct
399,5,0.0,Direct
400,5,0.0,Direct
401,5,0.0,Direct
402,5,0.0,Direct
403,5,0.0,Direct
404,5,0.0,Direct
405,5,0.0,Direct
406,5,0.0,Direct
407,5,0.0,Direct
408,5,0.0,Direct
409,5,0.0,Direct
410,5,0.0,Direct
411,4,0.19999999999999996,Direct
412,4,0.0,Direct
413,4,0.0,Direct
414,4,0.0,Direct
415,4,0.0,Direct
416,4,0.0,Direct
417,4,0.0,Direct
418,4,0.0,Direct
419,4,0.0,Direct
420,4,0.0,Direct
421,4,0.0,Direct
422,4,0.0,Direct
423,4,0.0,Direct
424,4,0.0,Direct
425,4,0.0,Direct
426,4,0.0,Direct
427,4,0.0,Direct
428,4,0.0,Direct
429,4,0.0,Direct
430,4,0.0,Direct
431,4,0.0,Direct
432,4,0.0,Direct
433,4,0.0,Direct
434,4,0.0,Direct
435,4,0.0,Direct
436,4,0.0,Direct
437,4,0.0,Direct
438,4,0.0,Direct
439,4,0.0,Direct
440,4,0.0,Direct
441,4,0.0,Direct
442,4,0.0,Direct
443,4,0.0,Direct
444,4,0.0,Direct
445,4,0.0,Direct
446,4,0.0,Direct
447,4,0.0,Direct
448,4,0.0,Direct
449,4,0.0,Direct
450,4,0.0,Direct
451,4,0.0,Direct
452,4,0.0,Direct
453,4,0.0,Direct
454,4,0.0,Direct
455,4,0.0,Direct
456,4,0.0,Direct
457,4,0.0,Direct
458,4,0.0,Direct
459,4,0.0,Direct
460,4,0.0,Direct
461,4,0.0,Direct
462,4,0.0,Direct
463,4,0.0,Direct
464,4,0.0,Direct
465,4,0.0,Direct
466,4,0.0,Direct
467,4,0.0,Direct
468,4,0.0,Direct
469,4,0.0,Direct
470,4,0.0,Direct
471,4,0.0,Direct
472,3,0.25,Direct
473,3,0.0,Direct
474,3,0.0,Direct
475,3,0.0,Direct
476,3,0.0,Direct
477,3,0.0,Direct
478,3,0.0,Direct
479,3,0.0,Direct
480,3,0.0,Direct
481,3,0.0,Direct
482,3,0.0,Direct
483,3,0.0,Direct
484,2,0.33333333333333337,Direct
485,2,0.0,Direct
486,2,0.0,Direct
487,2,0.0,Direct
488,2,0.0,Direct
489,2,0.0,Direct
490,2,0.0,Direct
491,2,0.0,Direct
492,2,0.0,Direct
493,2,0.0,Direct
494,2,0.0,Direct
495,2,0.0,Direct
496,2,0.0,Direct
497,2,0.0,Direct
498,2,0.0,Direct
499,2,0.0,Direct
500,2,0.0,Direct
1,255297,0.0,Referral
2,88823,0.6520797345836418,Referral
3,36743,0.5863346205374734,Referral
4,22429,0.38957080260185617,Referral
5,16061,0.28391814169156004,Referral
6,12517,0.2206587385592429,Referral
7,10123,0.19125988655428616,Referral
8,8395,0.17070038526128617,Referral
9,7099,0.1543776057176891,Referral
10,6044,0.1486124806310748,Referral
11,5270,0.128060886829914,Referral
12,4624,0.1225806451612903,Referral
13,4072,0.11937716262975784,Referral
14,3602,0.11542239685658151,Referral
15,3182,0.11660188784008885,Referral
16,2865,0.09962287869264619,Referral
17,2594,0.09458987783595119,Referral
18,2337,0.09907478797224367,Referral
19,2154,0.07830551989730428,Referral
20,1961,0.08960074280408548,Referral
21,1789,0.08771035186129528,Referral
22,1653,0.07602012297372829,Referral
23,1512,0.0852994555353902,Referral
24,1384,0.08465608465608465,Referral
25,1264,0.08670520231213874,Referral
26,1174,0.07120253164556967,Referral
27,1097,0.065587734241908,Referral
28,1021,0.06927985414767546,Referral
29,947,0.07247796278158669,Referral
30,888,0.0623020063357973,Referral
31,830,0.06531531531531531,Referral
32,785,0.054216867469879526,Referral
33,735,0.06369426751592355,Referral
34,689,0.06258503401360549,Referral
35,649,0.05805515239477499,Referral
36,605,0.06779661016949157,Referral
37,579,0.04297520661157028,Referral
38,553,0.04490500863557856,Referral
39,524,0.05244122965641951,Referral
40,500,0.04580152671755722,Referral
41,467,0.06599999999999995,Referral
42,441,0.05567451820128477,Referral
43,417,0.05442176870748294,Referral
44,395,0.052757793764988015,Referral
45,369,0.0658227848101266,Referral
46,349,0.054200542005420016,Referral
47,335,0.04011461318051579,Referral
48,320,0.04477611940298509,Referral
49,303,0.05312499999999998,Referral
50,287,0.05280528052805278,Referral
51,275,0.04181184668989546,Referral
52,265,0.036363636363636376,Referral
53,256,0.03396226415094339,Referral
54,244,0.046875,Referral
55,238,0.024590163934426257,Referral
56,222,0.0672268907563025,Referral
57,213,0.04054054054054057,Referral
58,206,0.032863849765258246,Referral
59,202,0.01941747572815533,Referral
60,190,0.05940594059405946,Referral
61,183,0.0368421052631579,Referral
62,175,0.04371584699453557,Referral
63,168,0.040000000000000036,Referral
64,161,0.04166666666666663,Referral
65,158,0.018633540372670843,Referral
66,151,0.044303797468354444,Referral
67,144,0.04635761589403975,Referral
68,141,0.02083333333333337,Referral
69,139,0.014184397163120588,Referral
70,132,0.05035971223021585,Referral
71,127,0.037878787878787845,Referral
72,124,0.023622047244094446,Referral
73,121,0.024193548387096753,Referral
74,115,0.04958677685950408,Referral
75,110,0.04347826086956519,Referral
76,107,0.027272727272727226,Referral
77,102,0.04672897196261683,Referral
78,97,0.0490196078431373,Referral
79,94,0.030927835051546393,Referral
80,91,0.03191489361702127,Referral
81,85,0.06593406593406592,Referral
82,83,0.02352941176470591,Referral
83,82,0.012048192771084376,Referral
84,80,0.024390243902439046,Referral
85,79,0.012499999999999956,Referral
86,78,0.012658227848101222,Referral
87,77,0.012820512820512775,Referral
88,76,0.012987012987012991,Referral
89,76,0.0,Referral
90,73,0.03947368421052633,Referral
91,71,0.0273972602739726,Referral
92,70,0.014084507042253502,Referral
93,70,0.0,Referral
94,67,0.042857142857142816,Referral
95,64,0.04477611940298509,Referral
96,62,0.03125,Referral
97,60,0.032258064516129004,Referral
98,60,0.0,Referral
99,59,0.01666666666666672,Referral
100,59,0.0,Referral
101,58,0.016949152542372836,Referral
102,56,0.03448275862068961,Referral
103,53,0.0535714285714286,Referral
104,53,0.0,Referral
105,53,0.0,Referral
106,53,0.0,Referral
107,52,0.018867924528301883,Referral
108,52,0.0,Referral
109,51,0.019230769230769273,Referral
110,49,0.039215686274509776,Referral
111,46,0.061224489795918324,Referral
112,46,0.0,Referral
113,44,0.04347826086956519,Referral
114,44,0.0,Referral
115,44,0.0,Referral
116,44,0.0,Referral
117,44,0.0,Referral
118,43,0.022727272727272707,Referral
119,43,0.0,Referral
120,41,0.046511627906976716,Referral
121,41,0.0,Referral
122,38,0.07317073170731703,Referral
123,38,0.0,Referral
124,38,0.0,Referral
125,38,0.0,Referral
126,37,0.02631578947368418,Referral
127,32,0.1351351351351351,Referral
128,32,0.0,Referral
129,32,0.0,Referral
130,31,0.03125,Referral
131,31,0.0,Referral
132,29,0.06451612903225812,Referral
133,29,0.0,Referral
134,28,0.03448275862068961,Referral
135,28,0.0,Referral
136,28,0.0,Referral
137,28,0.0,Referral
138,28,0.0,Referral
139,28,0.0,Referral
140,28,0.0,Referral
141,28,0.0,Referral
142,28,0.0,Referral
143,27,0.0357142857142857,Referral
144,27,0.0,Referral
145,27,0.0,Referral
146,26,0.03703703703703709,Referral
147,25,0.038461538461538436,Referral
148,25,0.0,Referral
149,25,0.0,Referral
150,24,0.040000000000000036,Referral
151,24,0.0,Referral
152,24,0.0,Referral
153,24,0.0,Referral
154,24,0.0,Referral
155,24,0.0,Referral
156,24,0.0,Referral
157,24,0.0,Referral
158,24,0.0,Referral
159,24,0.0,Referral
160,24,0.0,Referral
161,24,0.0,Referral
162,24,0.0,Referral
163,22,0.08333333333333337,Referral
164,21,0.045454545454545414,Referral
165,20,0.04761904761904767,Referral
166,19,0.050000000000000044,Referral
167,18,0.052631578947368474,Referral
168,18,0.0,Referral
169,18,0.0,Referral
170,18,0.0,Referral
171,17,0.05555555555555558,Referral
172,17,0.0,Referral
173,17,0.0,Referral
174,17,0.0,Referral
175,17,0.0,Referral
176,17,0.0,Referral
177,16,0.05882352941176472,Referral
178,16,0.0,Referral
179,15,0.0625,Referral
180,15,0.0,Referral
181,15,0.0,Referral
182,15,0.0,Referral
183,15,0.0,Referral
184,15,0.0,Referral
185,15,0.0,Referral
186,15,0.0,Referral
187,15,0.0,Referral
188,15,0.0,Referral
189,15,0.0,Referral
190,15,0.0,Referral
191,15,0.0,Referral
192,14,0.06666666666666665,Referral
193,14,0.0,Referral
194,14,0.0,Referral
195,14,0.0,Referral
196,13,0.0714285714285714,Referral
197,13,0.0,Referral
198,13,0.0,Referral
199,13,0.0,Referral
200,13,0.0,Referral
201,12,0.07692307692307687,Referral
202,12,0.0,Referral
203,12,0.0,Referral
204,12,0.0,Referral
205,12,0.0,Referral
206,11,0.08333333333333337,Referral
207,11,0.0,Referral
208,11,0.0,Referral
209,11,0.0,Referral
210,10,0.09090909090909094,Referral
211,10,0.0,Referral
212,10,0.0,Referral
213,10,0.0,Referral
214,9,0.09999999999999998,Referral
215,9,0.0,Referral
216,8,0.11111111111111116,Referral
217,8,0.0,Referral
218,8,0.0,Referral
219,7,0.125,Referral
220,7,0.0,Referral
221,7,0.0,Referral
222,7,0.0,Referral
223,7,0.0,Referral
224,7,0.0,Referral
225,7,0.0,Referral
226,7,0.0,Referral
227,7,0.0,Referral
228,7,0.0,Referral
229,7,0.0,Referral
230,7,0.0,Referral
231,7,0.0,Referral
232,7,0.0,Referral
233,7,0.0,Referral
234,7,0.0,Referral
235,7,0.0,Referral
236,7,0.0,Referral
237,7,0.0,Referral
238,7,0.0,Referral
239,7,0.0,Referral
240,7,0.0,Referral
241,7,0.0,Referral
242,7,0.0,Referral
243,7,0.0,Referral
244,7,0.0,Referral
245,7,0.0,Referral
246,7,0.0,Referral
247,7,0.0,Referral
248,7,0.0,Referral
249,7,0.0,Referral
250,7,0.0,Referral
251,7,0.0,Referral
252,7,0.0,Referral
253,7,0.0,Referral
254,7,0.0,Referral
255,7,0.0,Referral
256,7,0.0,Referral
257,7,0.0,Referral
258,7,0.0,Referral
259,7,0.0,Referral
260,7,0.0,Referral
261,7,0.0,Referral
262,7,0.0,Referral
263,7,0.0,Referral
264,7,0.0,Referral
265,7,0.0,Referral
266,7,0.0,Referral
267,7,0.0,Referral
268,7,0.0,Referral
269,7,0.0,Referral
270,7,0.0,Referral
271,7,0.0,Referral
272,7,0.0,Referral
273,7,0.0,Referral
274,7,0.0,Referral
275,7,0.0,Referral
276,7,0.0,Referral
277,7,0.0,Referral
278,7,0.0,Referral
279,7,0.0,Referral
280,7,0.0,Referral
281,7,0.0,Referral
282,7,0.0,Referral
283,7,0.0,Referral
284,7,0.0,Referral
285,7,0.0,Referral
286,7,0.0,Referral
287,7,0.0,Referral
288,7,0.0,Referral
289,7,0.0,Referral
290,7,0.0,Referral
291,7,0.0,Referral
292,6,0.1428571428571429,Referral
293,6,0.0,Referral
294,6,0.0,Referral
295,6,0.0,Referral
296,6,0.0,Referral
297,6,0.0,Referral
298,6,0.0,Referral
299,6,0.0,Referral
300,6,0.0,Referral
301,6,0.0,Referral
302,5,0.16666666666666663,Referral
303,5,0.0,Referral
304,5,0.0,Referral
305,5,0.0,Referral
306,5,0.0,Referral
307,5,0.0,Referral
308,5,0.0,Referral
309,5,0.0,Referral
310,5,0.0,Referral
311,5,0.0,Referral
312,5,0.0,Referral
313,5,0.0,Referral
314,5,0.0,Referral
315,5,0.0,Referral
316,5,0.0,Referral
317,5,0.0,Referral
318,5,0.0,Referral
319,5,0.0,Referral
320,5,0.0,Referral
321,5,0.0,Referral
322,5,0.0,Referral
323,5,0.0,Referral
324,5,0.0,Referral
325,5,0.0,Referral
326,5,0.0,Referral
327,5,0.0,Referral
328,5,0.0,Referral
329,5,0.0,Referral
330,5,0.0,Referral
331,5,0.0,Referral
332,5,0.0,Referral
333,5,0.0,Referral
334,5,0.0,Referral
335,5,0.0,Referral
336,5,0.0,Referral
337,5,0.0,Referral
338,5,0.0,Referral
339,5,0.0,Referral
340,5,0.0,Referral
341,5,0.0,Referral
342,5,0.0,Referral
343,5,0.0,Referral
344,5,0.0,Referral
345,5,0.0,Referral
346,5,0.0,Referral
347,5,0.0,Referral
348,5,0.0,Referral
349,5,0.0,Referral
350,5,0.0,Referral
351,5,0.0,Referral
352,5,0.0,Referral
353,5,0.0,Referral
354,5,0.0,Referral
355,5,0.0,Referral
356,5,0.0,Referral
357,5,0.0,Referral
358,5,0.0,Referral
359,5,0.0,Referral
360,5,0.0,Referral
361,5,0.0,Referral
362,5,0.0,Referral
363,5,0.0,Referral
364,5,0.0,Referral
365,5,0.0,Referral
366,5,0.0,Referral
367,5,0.0,Referral
368,5,0.0,Referral
369,5,0.0,Referral
370,5,0.0,Referral
371,5,0.0,Referral
372,4,0.19999999999999996,Referral
373,4,0.0,Referral
374,4,0.0,Referral
375,4,0.0,Referral
376,4,0.0,Referral
377,4,0.0,Referral
378,4,0.0,Referral
379,3,0.25,Referral
380,3,0.0,Referral
381,3,0.0,Referral
382,3,0.0,Referral
383,3,0.0,Referral
384,3,0.0,Referral
385,3,0.0,Referral
386,3,0.0,Referral
387,3,0.0,Referral
388,2,0.33333333333333337,Referral
389,2,0.0,Referral
390,2,0.0,Referral
391,2,0.0,Referral
392,2,0.0,Referral
393,2,0.0,Referral
394,2,0.0,Referral
395,2,0.0,Referral
396,2,0.0,Referral
397,2,0.0,Referral
398,2,0.0,Referral
399,2,0.0,Referral
400,2,0.0,Referral
401,2,0.0,Referral
402,2,0.0,Referral
403,2,0.0,Referral
404,2,0.0,Referral
405,2,0.0,Referral
406,2,0.0,Referral
407,2,0.0,Referral
408,2,0.0,Referral
409,2,0.0,Referral
410,2,0.0,Referral
411,2,0.0,Referral
412,2,0.0,Referral
413,2,0.0,Referral
414,2,0.0,Referral
415,2,0.0,Referral
416,2,0.0,Referral
417,2,0.0,Referral
418,2,0.0,Referral
419,2,0.0,Referral
420,2,0.0,Referral
421,2,0.0,Referral
422,2,0.0,Referral
423,2,0.0,Referral
424,2,0.0,Referral
425,2,0.0,Referral
426,2,0.0,Referral
427,2,0.0,Referral
428,2,0.0,Referral
429,2,0.0,Referral
430,2,0.0,Referral
431,2,0.0,Referral
432,2,0.0,Referral
433,2,0.0,Referral
434,2,0.0,Referral
435,2,0.0,Referral
436,2,0.0,Referral
437,1,0.5,Referral
438,1,0.0,Referral
439,1,0.0,Referral
440,1,0.0,Referral
441,1,0.0,Referral
442,1,0.0,Referral
443,1,0.0,Referral
444,1,0.0,Referral
445,1,0.0,Referral
446,1,0.0,Referral
447,1,0.0,Referral
448,1,0.0,Referral
449,1,0.0,Referral
450,1,0.0,Referral
451,1,0.0,Referral
452,1,0.0,Referral
453,1,0.0,Referral
454,1,0.0,Referral
455,1,0.0,Referral
456,1,0.0,Referral
457,1,0.0,Referral
458,1,0.0,Referral
459,1,0.0,Referral
460,1,0.0,Referral
461,1,0.0,Referral
462,1,0.0,Referral
463,1,0.0,Referral
464,1,0.0,Referral
465,1,0.0,Referral
466,1,0.0,Referral
467,1,0.0,Referral
468,1,0.0,Referral
469,1,0.0,Referral
470,1,0.0,Referral
471,1,0.0,Referral
472,1,0.0,Referral
473,1,0.0,Referral
474,1,0.0,Referral
475,1,0.0,Referral
476,1,0.0,Referral
477,1,0.0,Referral
478,1,0.0,Referral
479,1,0.0,Referral
480,1,0.0,Referral
481,1,0.0,Referral
482,1,0.0,Referral
483,1,0.0,Referral
484,1,0.0,Referral
485,1,0.0,Referral
486,1,0.0,Referral
487,1,0.0,Referral
488,1,0.0,Referral
489,1,0.0,Referral
490,1,0.0,Referral
491,1,0.0,Referral
492,1,0.0,Referral
493,1,0.0,Referral
494,1,0.0,Referral
495,1,0.0,Referral
496,1,0.0,Referral
497,1,0.0,Referral
498,1,0.0,Referral
499,1,0.0,Referral
500,1,0.0,Referral
1,16198,0.0,Other
2,7335,0.5471663168292382,Other
3,4879,0.3348329925017042,Other
4,3638,0.25435540069686413,Other
5,2833,0.22127542605827377,Other
6,2332,0.1768443346276033,Other
7,1887,0.19082332761578047,Other
8,1549,0.17912029676735564,Other
9,1290,0.16720464816010328,Other
10,1073,0.16821705426356592,Other
11,896,0.16495806150978565,Other
12,747,0.1662946428571429,Other
13,653,0.12583668005354753,Other
14,566,0.1332312404287902,Other
15,490,0.13427561837455826,Other
16,426,0.1306122448979592,Other
17,384,0.09859154929577463,Other
18,328,0.14583333333333337,Other
19,289,0.11890243902439024,Other
20,254,0.12110726643598613,Other
21,228,0.10236220472440949,Other
22,200,0.1228070175438597,Other
23,186,0.06999999999999995,Other
24,169,0.09139784946236562,Other
25,147,0.1301775147928994,Other
26,135,0.08163265306122447,Other
27,122,0.09629629629629632,Other
28,110,0.09836065573770492,Other
29,101,0.08181818181818179,Other
30,94,0.06930693069306926,Other
31,88,0.06382978723404253,Other
32,80,0.09090909090909094,Other
33,67,0.16249999999999998,Other
34,61,0.08955223880597019,Other
35,59,0.032786885245901676,Other
36,55,0.06779661016949157,Other
37,52,0.054545454545454564,Other
38,49,0.05769230769230771,Other
39,46,0.061224489795918324,Other
40,39,0.15217391304347827,Other
41,39,0.0,Other
42,38,0.02564102564102566,Other
43,35,0.07894736842105265,Other
44,35,0.0,Other
45,31,0.11428571428571432,Other
46,29,0.06451612903225812,Other
47,27,0.06896551724137934,Other
48,24,0.11111111111111116,Other
49,23,0.04166666666666663,Other
50,22,0.04347826086956519,Other
51,22,0.0,Other
52,17,0.2272727272727273,Other
53,16,0.05882352941176472,Other
54,16,0.0,Other
55,16,0.0,Other
56,16,0.0,Other
57,16,0.0,Other
58,16,0.0,Other
59,13,0.1875,Other
60,13,0.0,Other
61,13,0.0,Other
62,13,0.0,Other
63,10,0.23076923076923073,Other
64,9,0.09999999999999998,Other
65,9,0.0,Other
66,9,0.0,Other
67,8,0.11111111111111116,Other
68,8,0.0,Other
69,8,0.0,Other
70,7,0.125,Other
71,7,0.0,Other
72,7,0.0,Other
73,6,0.1428571428571429,Other
74,6,0.0,Other
75,6,0.0,Other
76,6,0.0,Other
77,6,0.0,Other
78,6,0.0,Other
79,6,0.0,Other
80,6,0.0,Other
81,6,0.0,Other
82,5,0.16666666666666663,Other
83,5,0.0,Other
84,4,0.19999999999999996,Other
85,4,0.0,Other
86,4,0.0,Other
87,4,0.0,Other
88,4,0.0,Other
89,4,0.0,Other
90,4,0.0,Other
91,4,0.0,Other
92,4,0.0,Other
93,4,0.0,Other
94,4,0.0,Other
95,4,0.0,Other
96,4,0.0,Other
97,4,0.0,Other
98,4,0.0,Other
99,4,0.0,Other
100,4,0.0,Other
101,3,0.25,Other
102,3,0.0,Other
103,3,0.0,Other
104,3,0.0,Other
105,3,0.0,Other
106,2,0.33333333333333337,Other
107,2,0.0,Other
108,2,0.0,Other
109,2,0.0,Other
110,2,0.0,Other
111,2,0.0,Other
112,2,0.0,Other
113,2,0.0,Other
114,2,0.0,Other
115,2,0.0,Other
116,2,0.0,Other
117,2,0.0,Other
118,2,0.0,Other
119,2,0.0,Other
120,2,0.0,Other
121,2,0.0,Other
122,2,0.0,Other
123,2,0.0,Other
124,2,0.0,Other
125,1,0.5,Other
126,1,0.0,Other
127,1,0.0,Other
128,1,0.0,Other
129,1,0.0,Other
130,1,0.0,Other
131,1,0.0,Other
132,1,0.0,Other
133,1,0.0,Other
134,1,0.0,Other
135,1,0.0,Other
136,1,0.0,Other
137,1,0.0,Other
138,1,0.0,Other
139,1,0.0,Other
140,1,0.0,Other
141,1,0.0,Other
142,1,0.0,Other
143,1,0.0,Other
144,1,0.0,Other
145,1,0.0,Other
146,1,0.0,Other
147,1,0.0,Other
148,1,0.0,Other
149,1,0.0,Other
150,1,0.0,Other
151,1,0.0,Other
152,1,0.0,Other
153,1,0.0,Other
154,1,0.0,Other
155,1,0.0,Other
156,1,0.0,Other
157,1,0.0,Other
158,1,0.0,Other
159,1,0.0,Other
160,1,0.0,Other
161,1,0.0,Other
162,1,0.0,Other
163,1,0.0,Other
164,1,0.0,Other
165,1,0.0,Other
166,1,0.0,Other
167,1,0.0,Other
168,1,0.0,Other
169,1,0.0,Other
170,1,0.0,Other
171,1,0.0,Other
172,1,0.0,Other
173,1,0.0,Other
174,1,0.0,Other
175,1,0.0,Other
176,1,0.0,Other
177,1,0.0,Other
178,1,0.0,Other
179,1,0.0,Other
180,1,0.0,Other
181,1,0.0,Other
182,1,0.0,Other
183,1,0.0,Other
184,1,0.0,Other
185,1,0.0,Other
186,1,0.0,Other
187,1,0.0,Other
188,1,0.0,Other
189,1,0.0,Other
190,1,0.0,Other
191,1,0.0,Other
192,1,0.0,Other
193,1,0.0,Other
194,1,0.0,Other
195,1,0.0,Other
196,1,0.0,Other
197,1,0.0,Other
198,1,0.0,Other
199,0,1.0,Other
200,0,0.0,Other
201,0,0.0,Other
202,0,0.0,Other
203,0,0.0,Other
204,0,0.0,Other
205,0,0.0,Other
206,0,0.0,Other
207,0,0.0,Other
208,0,0.0,Other
209,0,0.0,Other
210,0,0.0,Other
211,0,0.0,Other
212,0,0.0,Other
213,0,0.0,Other
214,0,0.0,Other
215,0,0.0,Other
216,0,0.0,Other
217,0,0.0,Other
218,0,0.0,Other
219,0,0.0,Other
220,0,0.0,Other
221,0,0.0,Other
222,0,0.0,Other
223,0,0.0,Other
224,0,0.0,Other
225,0,0.0,Other
226,0,0.0,Other
227,0,0.0,Other
228,0,0.0,Other
229,0,0.0,Other
230,0,0.0,Other
231,0,0.0,Other
232,0,0.0,Other
233,0,0.0,Other
234,0,0.0,Other
235,0,0.0,Other
236,0,0.0,Other
237,0,0.0,Other
238,0,0.0,Other
239,0,0.0,Other
240,0,0.0,Other
241,0,0.0,Other
242,0,0.0,Other
243,0,0.0,Other
244,0,0.0,Other
245,0,0.0,Other
246,0,0.0,Other
247,0,0.0,Other
248,0,0.0,Other
249,0,0.0,Other
250,0,0.0,Other
251,0,0.0,Other
252,0,0.0,Other
253,0,0.0,Other
254,0,0.0,Other
255,0,0.0,Other
256,0,0.0,Other
257,0,0.0,Other
258,0,0.0,Other
259,0,0.0,Other
260,0,0.0,Other
261,0,0.0,Other
262,0,0.0,Other
263,0,0.0,Other
264,0,0.0,Other
265,0,0.0,Other
266,0,0.0,Other
267,0,0.0,Other
268,0,0.0,Other
269,0,0.0,Other
270,0,0.0,Other
271,0,0.0,Other
272,0,0.0,Other
273,0,0.0,Other
274,0,0.0,Other
275,0,0.0,Other
276,0,0.0,Other
277,0,0.0,Other
278,0,0.0,Other
279,0,0.0,Other
280,0,0.0,Other
281,0,0.0,Other
282,0,0.0,Other
283,0,0.0,Other
284,0,0.0,Other
285,0,0.0,Other
286,0,0.0,Other
287,0,0.0,Other
288,0,0.0,Other
289,0,0.0,Other
290,0,0.0,Other
291,0,0.0,Other
292,0,0.0,Other
293,0,0.0,Other
294,0,0.0,Other
295,0,0.0,Other
296,0,0.0,Other
297,0,0.0,Other
298,0,0.0,Other
299,0,0.0,Other
300,0,0.0,Other
301,0,0.0,Other
302,0,0.0,Other
303,0,0.0,Other
304,0,0.0,Other
305,0,0.0,Other
306,0,0.0,Other
307,0,0.0,Other
308,0,0.0,Other
309,0,0.0,Other
310,0,0.0,Other
311,0,0.0,Other
312,0,0.0,Other
313,0,0.0,Other
314,0,0.0,Other
315,0,0.0,Other
316,0,0.0,Other
317,0,0.0,Other
318,0,0.0,Other
319,0,0.0,Other
320,0,0.0,Other
321,0,0.0,Other
322,0,0.0,Other
323,0,0.0,Other
324,0,0.0,Other
325,0,0.0,Other
326,0,0.0,Other
327,0,0.0,Other
328,0,0.0,Other
329,0,0.0,Other
330,0,0.0,Other
331,0,0.0,Other
332,0,0.0,Other
333,0,0.0,Other
334,0,0.0,Other
335,0,0.0,Other
336,0,0.0,Other
337,0,0.0,Other
338,0,0.0,Other
339,0,0.0,Other
340,0,0.0,Other
341,0,0.0,Other
342,0,0.0,Other
343,0,0.0,Other
344,0,0.0,Other
345,0,0.0,Other
346,0,0.0,Other
347,0,0.0,Other
348,0,0.0,Other
349,0,0.0,Other
350,0,0.0,Other
351,0,0.0,Other
352,0,0.0,Other
353,0,0.0,Other
354,0,0.0,Other
355,0,0.0,Other
356,0,0.0,Other
357,0,0.0,Other
358,0,0.0,Other
359,0,0.0,Other
360,0,0.0,Other
361,0,0.0,Other
362,0,0.0,Other
363,0,0.0,Other
364,0,0.0,Other
365,0,0.0,Other
366,0,0.0,Other
367,0,0.0,Other
368,0,0.0,Other
369,0,0.0,Other
370,0,0.0,Other
371,0,0.0,Other
372,0,0.0,Other
373,0,0.0,Other
374,0,0.0,Other
375,0,0.0,Other
376,0,0.0,Other
377,0,0.0,Other
378,0,0.0,Other
379,0,0.0,Other
380,0,0.0,Other
381,0,0.0,Other
382,0,0.0,Other
383,0,0.0,Other
384,0,0.0,Other
385,0,0.0,Other
386,0,0.0,Other
387,0,0.0,Other
388,0,0.0,Other
389,0,0.0,Other
390,0,0.0,Other
391,0,0.0,Other
392,0,0.0,Other
393,0,0.0,Other
394,0,0.0,Other
395,0,0.0,Other
396,0,0.0,Other
397,0,0.0,Other
398,0,0.0,Other
399,0,0.0,Other
400,0,0.0,Other
401,0,0.0,Other
402,0,0.0,Other
403,0,0.0,Other
404,0,0.0,Other
405,0,0.0,Other
406,0,0.0,Other
407,0,0.0,Other
408,0,0.0,Other
409,0,0.0,Other
410,0,0.0,Other
411,0,0.0,Other
412,0,0.0,Other
413,0,0.0,Other
414,0,0.0,Other
415,0,0.0,Other
416,0,0.0,Other
417,0,0.0,Other
418,0,0.0,Other
419,0,0.0,Other
420,0,0.0,Other
421,0,0.0,Other
422,0,0.0,Other
423,0,0.0,Other
424,0,0.0,Other
425,0,0.0,Other
426,0,0.0,Other
427,0,0.0,Other
428,0,0.0,Other
429,0,0.0,Other
430,0,0.0,Other
431,0,0.0,Other
432,0,0.0,Other
433,0,0.0,Other
434,0,0.0,Other
435,0,0.0,Other
436,0,0.0,Other
437,0,0.0,Other
438,0,0.0,Other
439,0,0.0,Other
440,0,0.0,Other
441,0,0.0,Other
442,0,0.0,Other
443,0,0.0,Other
444,0,0.0,Other
445,0,0.0,Other
446,0,0.0,Other
447,0,0.0,Other
448,0,0.0,Other
449,0,0.0,Other
450,0,0.0,Other
451,0,0.0,Other
452,0,0.0,Other
453,0,0.0,Other
454,0,0.0,Other
455,0,0.0,Other
456,0,0.0,Other
457,0,0.0,Other
458,0,0.0,Other
459,0,0.0,Other
460,0,0.0,Other
461,0,0.0,Other
462,0,0.0,Other
463,0,0.0,Other
464,0,0.0,Other
465,0,0.0,Other
466,0,0.0,Other
467,0,0.0,Other
468,0,0.0,Other
469,0,0.0,Other
470,0,0.0,Other
471,0,0.0,Other
472,0,0.0,Other
473,0,0.0,Other
474,0,0.0,Other
475,0,0.0,Other
476,0,0.0,Other
477,0,0.0,Other
478,0,0.0,Other
479,0,0.0,Other
480,0,0.0,Other
481,0,0.0,Other
482,0,0.0,Other
483,0,0.0,Other
484,0,0.0,Other
485,0,0.0,Other
486,0,0.0,Other
487,0,0.0,Other
488,0,0.0,Other
489,0,0.0,Other
490,0,0.0,Other
491,0,0.0,Other
492,0,0.0,Other
493,0,0.0,Other
494,0,0.0,Other
495,0,0.0,Other
496,0,0.0,Other
497,0,0.0,Other
498,0,0.0,Other
499,0,0.0,Other
500,0,0.0,Other
1,18828,0.0,Paid
2,11593,0.38426811132356065,Paid
3,9183,0.20788406797205206,Paid
4,7401,0.19405423064358052,Paid
5,6235,0.15754627753006345,Paid
6,5330,0.1451483560545309,Paid
7,4618,0.1335834896810506,Paid
8,4010,0.13165872672152445,Paid
9,3496,0.12817955112219448,Paid
10,3112,0.10983981693363842,Paid
11,2800,0.10025706940874035,Paid
12,2492,0.10999999999999999,Paid
13,2256,0.0947030497592295,Paid
14,2050,0.09131205673758869,Paid
15,1875,0.08536585365853655,Paid
16,1703,0.09173333333333333,Paid
17,1544,0.09336465061655896,Paid
18,1403,0.09132124352331605,Paid
19,1295,0.07697790449037778,Paid
20,1194,0.07799227799227804,Paid
21,1084,0.09212730318257956,Paid
22,992,0.08487084870848705,Paid
23,915,0.0776209677419355,Paid
24,869,0.050273224043715814,Paid
25,809,0.0690448791714614,Paid
26,755,0.06674907292954269,Paid
27,710,0.05960264900662249,Paid
28,666,0.06197183098591552,Paid
29,622,0.06606606606606602,Paid
30,588,0.054662379421221874,Paid
31,555,0.056122448979591844,Paid
32,516,0.07027027027027022,Paid
33,475,0.0794573643410853,Paid
34,449,0.054736842105263195,Paid
35,427,0.04899777282850781,Paid
36,396,0.07259953161592503,Paid
37,382,0.03535353535353536,Paid
38,354,0.0732984293193717,Paid
39,333,0.05932203389830504,Paid
40,321,0.036036036036036,Paid
41,308,0.04049844236760125,Paid
42,294,0.045454545454545414,Paid
43,278,0.05442176870748294,Paid
44,262,0.05755395683453235,Paid
45,253,0.03435114503816794,Paid
46,239,0.055335968379446654,Paid
47,231,0.03347280334728031,Paid
48,222,0.038961038961038974,Paid
49,213,0.04054054054054057,Paid
50,201,0.05633802816901412,Paid
51,185,0.07960199004975121,Paid
52,180,0.027027027027026973,Paid
53,174,0.033333333333333326,Paid
54,163,0.06321839080459768,Paid
55,156,0.042944785276073594,Paid
56,148,0.05128205128205132,Paid
57,142,0.04054054054054057,Paid
58,137,0.035211267605633756,Paid
59,133,0.029197080291970767,Paid
60,122,0.08270676691729328,Paid
61,118,0.032786885245901676,Paid
62,114,0.03389830508474578,Paid
63,111,0.02631578947368418,Paid
64,105,0.05405405405405406,Paid
65,102,0.02857142857142858,Paid
66,99,0.02941176470588236,Paid
67,96,0.030303030303030276,Paid
68,90,0.0625,Paid
69,87,0.033333333333333326,Paid
70,86,0.011494252873563204,Paid
71,86,0.0,Paid
72,85,0.011627906976744207,Paid
73,83,0.02352941176470591,Paid
74,80,0.03614457831325302,Paid
75,78,0.025000000000000022,Paid
76,73,0.0641025641025641,Paid
77,72,0.013698630136986356,Paid
78,67,0.06944444444444442,Paid
79,63,0.05970149253731338,Paid
80,60,0.04761904761904767,Paid
81,55,0.08333333333333337,Paid
82,53,0.036363636363636376,Paid
83,47,0.1132075471698113,Paid
84,46,0.021276595744680882,Paid
85,45,0.021739130434782594,Paid
86,40,0.11111111111111116,Paid
87,40,0.0,Paid
88,40,0.0,Paid
89,39,0.025000000000000022,Paid
90,39,0.0,Paid
91,39,0.0,Paid
92,39,0.0,Paid
93,36,0.07692307692307687,Paid
94,35,0.02777777777777779,Paid
95,34,0.02857142857142858,Paid
96,32,0.05882352941176472,Paid
97,32,0.0,Paid
98,32,0.0,Paid
99,32,0.0,Paid
100,32,0.0,Paid
101,31,0.03125,Paid
102,31,0.0,Paid
103,31,0.0,Paid
104,30,0.032258064516129004,Paid
105,28,0.06666666666666665,Paid
106,27,0.0357142857142857,Paid
107,27,0.0,Paid
108,24,0.11111111111111116,Paid
109,23,0.04166666666666663,Paid
110,23,0.0,Paid
111,23,0.0,Paid
112,23,0.0,Paid
113,23,0.0,Paid
114,22,0.04347826086956519,Paid
115,21,0.045454545454545414,Paid
116,20,0.04761904761904767,Paid
117,20,0.0,Paid
118,20,0.0,Paid
119,18,0.09999999999999998,Paid
120,17,0.05555555555555558,Paid
121,17,0.0,Paid
122,17,0.0,Paid
123,17,0.0,Paid
124,16,0.05882352941176472,Paid
125,14,0.125,Paid
126,14,0.0,Paid
127,14,0.0,Paid
128,12,0.1428571428571429,Paid
129,12,0.0,Paid
130,11,0.08333333333333337,Paid
131,11,0.0,Paid
132,11,0.0,Paid
133,11,0.0,Paid
134,11,0.0,Paid
135,10,0.09090909090909094,Paid
136,10,0.0,Paid
137,10,0.0,Paid
138,10,0.0,Paid
139,10,0.0,Paid
140,10,0.0,Paid
141,10,0.0,Paid
142,10,0.0,Paid
143,9,0.09999999999999998,Paid
144,9,0.0,Paid
145,9,0.0,Paid
146,8,0.11111111111111116,Paid
147,8,0.0,Paid
148,8,0.0,Paid
149,8,0.0,Paid
150,8,0.0,Paid
151,8,0.0,Paid
152,8,0.0,Paid
153,8,0.0,Paid
154,8,0.0,Paid
155,8,0.0,Paid
156,8,0.0,Paid
157,7,0.125,Paid
158,7,0.0,Paid
159,7,0.0,Paid
160,7,0.0,Paid
161,7,0.0,Paid
162,7,0.0,Paid
163,7,0.0,Paid
164,7,0.0,Paid
165,7,0.0,Paid
166,7,0.0,Paid
167,7,0.0,Paid
168,7,0.0,Paid
169,7,0.0,Paid
170,7,0.0,Paid
171,7,0.0,Paid
172,7,0.0,Paid
173,7,0.0,Paid
174,7,0.0,Paid
175,6,0.1428571428571429,Paid
176,5,0.16666666666666663,Paid
177,5,0.0,Paid
178,5,0.0,Paid
179,5,0.0,Paid
180,5,0.0,Paid
181,5,0.0,Paid
182,5,0.0,Paid
183,5,0.0,Paid
184,5,0.0,Paid
185,5,0.0,Paid
186,5,0.0,Paid
187,5,0.0,Paid
188,5,0.0,Paid
189,5,0.0,Paid
190,4,0.19999999999999996,Paid
191,4,0.0,Paid
192,4,0.0,Paid
193,4,0.0,Paid
194,4,0.0,Paid
195,4,0.0,Paid
196,4,0.0,Paid
197,4,0.0,Paid
198,4,0.0,Paid
199,4,0.0,Paid
200,4,0.0,Paid
201,4,0.0,Paid
202,3,0.25,Paid
203,2,0.33333333333333337,Paid
204,2,0.0,Paid
205,2,0.0,Paid
206,2,0.0,Paid
207,2,0.0,Paid
208,2,0.0,Paid
209,2,0.0,Paid
210,2,0.0,Paid
211,2,0.0,Paid
212,2,0.0,Paid
213,2,0.0,Paid
214,1,0.5,Paid
215,1,0.0,Paid
216,1,0.0,Paid
217,1,0.0,Paid
218,1,0.0,Paid
219,1,0.0,Paid
220,1,0.0,Paid
221,1,0.0,Paid
222,1,0.0,Paid
223,1,0.0,Paid
224,1,0.0,Paid
225,1,0.0,Paid
226,1,0.0,Paid
227,1,0.0,Paid
228,0,1.0,Paid
229,0,0.0,Paid
230,0,0.0,Paid
231,0,0.0,Paid
232,0,0.0,Paid
233,0,0.0,Paid
234,0,0.0,Paid
235,0,0.0,Paid
236,0,0.0,Paid
237,0,0.0,Paid
238,0,0.0,Paid
239,0,0.0,Paid
240,0,0.0,Paid
241,0,0.0,Paid
242,0,0.0,Paid
243,0,0.0,Paid
244,0,0.0,Paid
245,0,0.0,Paid
246,0,0.0,Paid
247,0,0.0,Paid
248,0,0.0,Paid
249,0,0.0,Paid
250,0,0.0,Paid
251,0,0.0,Paid
252,0,0.0,Paid
253,0,0.0,Paid
254,0,0.0,Paid
255,0,0.0,Paid
256,0,0.0,Paid
257,0,0.0,Paid
258,0,0.0,Paid
259,0,0.0,Paid
260,0,0.0,Paid
261,0,0.0,Paid
262,0,0.0,Paid
263,0,0.0,Paid
264,0,0.0,Paid
265,0,0.0,Paid
266,0,0.0,Paid
267,0,0.0,Paid
268,0,0.0,Paid
269,0,0.0,Paid
270,0,0.0,Paid
271,0,0.0,Paid
272,0,0.0,Paid
273,0,0.0,Paid
274,0,0.0,Paid
275,0,0.0,Paid
276,0,0.0,Paid
277,0,0.0,Paid
278,0,0.0,Paid
279,0,0.0,Paid
280,0,0.0,Paid
281,0,0.0,Paid
282,0,0.0,Paid
283,0,0.0,Paid
284,0,0.0,Paid
285,0,0.0,Paid
286,0,0.0,Paid
287,0,0.0,Paid
288,0,0.0,Paid
289,0,0.0,Paid
290,0,0.0,Paid
291,0,0.0,Paid
292,0,0.0,Paid
293,0,0.0,Paid
294,0,0.0,Paid
295,0,0.0,Paid
296,0,0.0,Paid
297,0,0.0,Paid
298,0,0.0,Paid
299,0,0.0,Paid
300,0,0.0,Paid
301,0,0.0,Paid
302,0,0.0,Paid
303,0,0.0,Paid
304,0,0.0,Paid
305,0,0.0,Paid
306,0,0.0,Paid
307,0,0.0,Paid
308,0,0.0,Paid
309,0,0.0,Paid
310,0,0.0,Paid
311,0,0.0,Paid
312,0,0.0,Paid
313,0,0.0,Paid
314,0,0.0,Paid
315,0,0.0,Paid
316,0,0.0,Paid
317,0,0.0,Paid
318,0,0.0,Paid
319,0,0.0,Paid
320,0,0.0,Paid
321,0,0.0,Paid
322,0,0.0,Paid
323,0,0.0,Paid
324,0,0.0,Paid
325,0,0.0,Paid
326,0,0.0,Paid
327,0,0.0,Paid
328,0,0.0,Paid
329,0,0.0,Paid
330,0,0.0,Paid
331,0,0.0,Paid
332,0,0.0,Paid
333,0,0.0,Paid
334,0,0.0,Paid
335,0,0.0,Paid
336,0,0.0,Paid
337,0,0.0,Paid
338,0,0.0,Paid
339,0,0.0,Paid
340,0,0.0,Paid
341,0,0.0,Paid
342,0,0.0,Paid
343,0,0.0,Paid
344,0,0.0,Paid
345,0,0.0,Paid
346,0,0.0,Paid
347,0,0.0,Paid
348,0,0.0,Paid
349,0,0.0,Paid
350,0,0.0,Paid
351,0,0.0,Paid
352,0,0.0,Paid
353,0,0.0,Paid
354,0,0.0,Paid
355,0,0.0,Paid
356,0,0.0,Paid
357,0,0.0,Paid
358,0,0.0,Paid
359,0,0.0,Paid
360,0,0.0,Paid
361,0,0.0,Paid
362,0,0.0,Paid
363,0,0.0,Paid
364,0,0.0,Paid
365,0,0.0,Paid
366,0,0.0,Paid
367,0,0.0,Paid
368,0,0.0,Paid
369,0,0.0,Paid
370,0,0.0,Paid
371,0,0.0,Paid
372,0,0.0,Paid
373,0,0.0,Paid
374,0,0.0,Paid
375,0,0.0,Paid
376,0,0.0,Paid
377,0,0.0,Paid
378,0,0.0,Paid
379,0,0.0,Paid
380,0,0.0,Paid
381,0,0.0,Paid
382,0,0.0,Paid
383,0,0.0,Paid
384,0,0.0,Paid
385,0,0.0,Paid
386,0,0.0,Paid
387,0,0.0,Paid
388,0,0.0,Paid
389,0,0.0,Paid
390,0,0.0,Paid
391,0,0.0,Paid
392,0,0.0,Paid
393,0,0.0,Paid
394,0,0.0,Paid
395,0,0.0,Paid
396,0,0.0,Paid
397,0,0.0,Paid
398,0,0.0,Paid
399,0,0.0,Paid
400,0,0.0,Paid
401,0,0.0,Paid
402,0,0.0,Paid
403,0,0.0,Paid
404,0,0.0,Paid
405,0,0.0,Paid
406,0,0.0,Paid
407,0,0.0,Paid
408,0,0.0,Paid
409,0,0.0,Paid
410,0,0.0,Paid
411,0,0.0,Paid
412,0,0.0,Paid
413,0,0.0,Paid
414,0,0.0,Paid
415,0,0.0,Paid
416,0,0.0,Paid
417,0,0.0,Paid
418,0,0.0,Paid
419,0,0.0,Paid
420,0,0.0,Paid
421,0,0.0,Paid
422,0,0.0,Paid
423,0,0.0,Paid
424,0,0.0,Paid
425,0,0.0,Paid
426,0,0.0,Paid
427,0,0.0,Paid
428,0,0.0,Paid
429,0,0.0,Paid
430,0,0.0,Paid
431,0,0.0,Paid
432,0,0.0,Paid
433,0,0.0,Paid
434,0,0.0,Paid
435,0,0.0,Paid
436,0,0.0,Paid
437,0,0.0,Paid
438,0,0.0,Paid
439,0,0.0,Paid
440,0,0.0,Paid
441,0,0.0,Paid
442,0,0.0,Paid
443,0,0.0,Paid
444,0,0.0,Paid
445,0,0.0,Paid
446,0,0.0,Paid
447,0,0.0,Paid
448,0,0.0,Paid
449,0,0.0,Paid
450,0,0.0,Paid
451,0,0.0,Paid
452,0,0.0,Paid
453,0,0.0,Paid
454,0,0.0,Paid
455,0,0.0,Paid
456,0,0.0,Paid
457,0,0.0,Paid
458,0,0.0,Paid
459,0,0.0,Paid
460,0,0.0,Paid
461,0,0.0,Paid
462,0,0.0,Paid
463,0,0.0,Paid
464,0,0.0,Paid
465,0,0.0,Paid
466,0,0.0,Paid
467,0,0.0,Paid
468,0,0.0,Paid
469,0,0.0,Paid
470,0,0.0,Paid
471,0,0.0,Paid
472,0,0.0,Paid
473,0,0.0,Paid
474,0,0.0,Paid
475,0,0.0,Paid
476,0,0.0,Paid
477,0,0.0,Paid
478,0,0.0,Paid
479,0,0.0,Paid
480,0,0.0,Paid
481,0,0.0,Paid
482,0,0.0,Paid
483,0,0.0,Paid
484,0,0.0,Paid
485,0,0.0,Paid
486,0,0.0,Paid
487,0,0.0,Paid
488,0,0.0,Paid
489,0,0.0,Paid
490,0,0.0,Paid
491,0,0.0,Paid
492,0,0.0,Paid
493,0,0.0,Paid
494,0,0.0,Paid
495,0,0.0,Paid
496,0,0.0,Paid
497,0,0.0,Paid
498,0,0.0,Paid
499,0,0.0,Paid
500,0,0.0,Paid
